date,dau,mau,dau_mau_ratio,stickiness_pct
2023-01-01,94,94,1.0,100.0
2023-01-02,140,172,0.813953488372093,81.3953488372093
2023-01-03,186,252,0.7380952380952381,73.80952380952381
2023-01-04,241,343,0.7026239067055393,70.26239067055393
2023-01-05,301,432,0.6967592592592593,69.67592592592592
2023-01-06,357,530,0.6735849056603773,67.35849056603773
2023-01-07,428,625,0.6848,68.47999999999999
2023-01-08,479,709,0.6755994358251057,67.55994358251057
2023-01-09,501,790,0.6341772151898735,63.41772151898735
2023-01-10,534,880,0.6068181818181818,60.68181818181818
2023-01-11,594,977,0.6079836233367452,60.79836233367452
2023-01-12,626,1069,0.5855940130963517,58.55940130963517
2023-01-13,691,1169,0.5911035072711719,59.110350727117186
2023-01-14,720,1252,0.5750798722044729,57.50798722044729
2023-01-15,775,1342,0.5774962742175856,57.74962742175857
2023-01-16,795,1428,0.5567226890756303,55.67226890756303
2023-01-17,846,1520,0.5565789473684211,55.65789473684211
2023-01-18,879,1604,0.5480049875311721,54.80049875311721
2023-01-19,920,1683,0.5466428995840761,54.66428995840761
2023-01-20,965,1770,0.5451977401129944,54.51977401129944
2023-01-21,951,1845,0.5154471544715448,51.54471544715447
2023-01-22,1008,1937,0.5203923593185338,52.039235931853376
2023-01-23,1129,2043,0.5526186979931473,55.26186979931473
2023-01-24,1111,2128,0.5220864661654135,52.20864661654135
2023-01-25,1152,2211,0.5210312075983717,52.103120759837175
2023-01-26,1202,2305,0.5214750542299349,52.14750542299349
2023-01-27,1231,2390,0.5150627615062762,51.50627615062761
2023-01-28,1258,2469,0.509518023491292,50.9518023491292
2023-01-29,1292,2565,0.5037037037037037,50.37037037037037
2023-01-30,1378,2660,0.5180451127819549,51.804511278195484
2023-01-31,1409,2746,0.5131099781500364,51.310997815003645
2023-02-01,1426,2827,0.50442164839052,50.442164839052
2023-02-02,1545,2912,0.5305631868131868,53.05631868131868
2023-02-03,1560,2995,0.5208681135225376,52.08681135225376
2023-02-04,1539,3072,0.5009765625,50.09765625
2023-02-05,1652,3163,0.5222889661713563,52.22889661713563
2023-02-06,1651,3249,0.5081563558017852,50.81563558017852
2023-02-07,1679,3326,0.504810583283223,50.481058328322305
2023-02-08,1685,3411,0.49399003224860744,49.39900322486074
2023-02-09,1771,3494,0.5068689181453921,50.686891814539216
2023-02-10,1734,3579,0.4844928751047779,48.44928751047779
2023-02-11,1820,3673,0.4955077593248026,49.55077593248026
2023-02-12,1900,3768,0.5042462845010616,50.424628450106155
2023-02-13,1924,3852,0.4994807892004154,49.94807892004154
2023-02-14,1950,3948,0.4939209726443769,49.39209726443769
2023-02-15,2019,4030,0.5009925558312656,50.099255583126556
2023-02-16,2068,4107,0.5035305575846116,50.35305575846116
2023-02-17,2080,4184,0.497131931166348,49.7131931166348
2023-02-18,2121,4259,0.49800422634421226,49.800422634421224
2023-02-19,2163,4339,0.4985019589767227,49.85019589767227
2023-02-20,2213,4431,0.4994357932746558,49.943579327465585
2023-02-21,2186,4515,0.48416389811738647,48.41638981173865
2023-02-22,2313,4598,0.5030448020878643,50.30448020878643
2023-02-23,2242,4678,0.47926464300983324,47.926464300983326
2023-02-24,2321,4764,0.48719563392107473,48.719563392107474
2023-02-25,2342,4844,0.4834847233691164,48.34847233691164
2023-02-26,2410,4917,0.4901362619483425,49.013626194834245
2023-02-27,2474,4996,0.4951961569255404,49.51961569255404
2023-02-28,2471,5084,0.4860346184107002,48.60346184107002
2023-03-01,2556,5162,0.4951569159240604,49.51569159240604
2023-03-02,2557,5247,0.487326091099676,48.7326091099676
2023-03-03,2678,5350,0.5005607476635514,50.05607476635514
2023-03-04,2638,5428,0.4859985261606485,48.59985261606485
2023-03-05,2717,5506,0.4934616781692699,49.346167816926986
2023-03-06,2716,5591,0.485780719012699,48.5780719012699
2023-03-07,2724,5662,0.4811020840692335,48.11020840692335
2023-03-08,2803,5724,0.48969252271139063,48.96925227113906
2023-03-09,2819,5791,0.4867898463132447,48.67898463132447
2023-03-10,2865,5866,0.4884077736106376,48.84077736106376
2023-03-11,2919,5938,0.49157965644998314,49.15796564499831
2023-03-12,2881,6016,0.4788896276595745,47.88896276595745
2023-03-13,2932,6082,0.4820782637290365,48.207826372903654
2023-03-14,3069,6157,0.49845704076660713,49.84570407666071
2023-03-15,3049,6232,0.48924903722721436,48.92490372272144
2023-03-16,3078,6318,0.48717948717948717,48.717948717948715
2023-03-17,3140,6397,0.49085508832265123,49.08550883226512
2023-03-18,3193,6472,0.4933559950556242,49.33559950556242
2023-03-19,3181,6550,0.4856488549618321,48.56488549618321
2023-03-20,3235,6618,0.4888183741311575,48.88183741311575
2023-03-21,3221,6687,0.4816808733363242,48.16808733363242
2023-03-22,3355,6753,0.49681622982378204,49.6816229823782
2023-03-23,3343,6820,0.4901759530791789,49.01759530791789
2023-03-24,3380,6881,0.49120767330329895,49.1207673303299
2023-03-25,3461,6960,0.49727011494252876,49.72701149425288
2023-03-26,3424,7030,0.48705547652916076,48.705547652916074
2023-03-27,3424,7096,0.48252536640360766,48.252536640360766
2023-03-28,3432,7168,0.47879464285714285,47.879464285714285
2023-03-29,3515,7243,0.48529614800497034,48.529614800497036
2023-03-30,3626,7333,0.4944770216828038,49.44770216828038
2023-03-31,3577,7396,0.48363980530016226,48.36398053001623
2023-04-01,3626,7467,0.4856033212803,48.56033212803
2023-04-02,3617,7531,0.48028150312043555,48.02815031204356
2023-04-03,3713,7596,0.4888098999473407,48.88098999473407
2023-04-04,3719,7667,0.48506586670144775,48.50658667014478
2023-04-05,3776,7729,0.48854961832061067,48.854961832061065
2023-04-06,3820,7806,0.48936715347168847,48.93671534716885
2023-04-07,3808,7882,0.48312611012433393,48.31261101243339
2023-04-08,3923,7957,0.49302500942566296,49.3025009425663
2023-04-09,3899,8019,0.4862202269609677,48.62202269609677
2023-04-10,4000,8091,0.49437646768013843,49.43764676801384
2023-04-11,3917,8159,0.4800833435470033,48.00833435470033
2023-04-12,4025,8245,0.4881746513038205,48.81746513038205
2023-04-13,4152,8311,0.4995788713752858,49.95788713752858
2023-04-14,4075,8373,0.486683387077511,48.668338707751104
2023-04-15,4114,8442,0.4873252783700545,48.73252783700545
2023-04-16,4206,8506,0.49447448859628496,49.447448859628494
2023-04-17,4181,8575,0.4875801749271137,48.75801749271137
2023-04-18,4241,8642,0.49074288359176116,49.074288359176116
2023-04-19,4231,8705,0.48604250430786905,48.604250430786905
2023-04-20,4355,8779,0.4960701674450393,49.60701674450393
2023-04-21,4404,8845,0.49790842283776143,49.79084228377614
2023-04-22,4335,8909,0.48658659782242675,48.65865978224267
2023-04-23,4414,8981,0.49148201759269566,49.14820175926957
2023-04-24,4375,9053,0.48326521595051364,48.32652159505136
2023-04-25,4541,9114,0.49824445907395215,49.824445907395216
2023-04-26,4500,9172,0.49062363715656343,49.062363715656346
2023-04-27,4543,9246,0.49134760977720093,49.13476097772009
2023-04-28,4545,9317,0.48781796715681014,48.78179671568101
2023-04-29,4514,9380,0.4812366737739872,48.12366737739872
2023-04-30,4624,9439,0.4898824027969064,48.98824027969064
2023-05-01,4672,9500,0.4917894736842105,49.17894736842105
2023-05-02,4577,9564,0.4785654537850272,47.856545378502716
2023-05-03,4758,9620,0.4945945945945946,49.45945945945946
2023-05-04,4697,9678,0.48532754701384584,48.53275470138458
2023-05-05,4768,9735,0.48977914740626605,48.9779147406266
2023-05-06,4806,9802,0.49030810038767597,49.0308100387676
2023-05-07,4850,9855,0.49213597158802636,49.213597158802635
2023-05-08,4852,9917,0.4892608651810023,48.926086518100234
2023-05-09,4879,9971,0.4893190251730017,48.931902517300166
2023-05-10,4933,10040,0.49133466135458165,49.133466135458164
2023-05-11,4928,10105,0.4876793666501732,48.76793666501732
2023-05-12,4898,10189,0.4807144960251251,48.07144960251251
2023-05-13,5002,10268,0.48714452668484615,48.71445266848461
2023-05-14,5027,10332,0.48654665118079754,48.654665118079755
2023-05-15,5121,10400,0.49240384615384614,49.24038461538461
2023-05-16,5167,10463,0.49383542005161046,49.38354200516105
2023-05-17,5124,10540,0.4861480075901328,48.614800759013285
2023-05-18,5257,10599,0.4959901877535617,49.59901877535617
2023-05-19,5313,10662,0.49831176139561056,49.83117613956106
2023-05-20,5304,10719,0.49482227819759306,49.4822278197593
2023-05-21,5307,10781,0.49225489286708096,49.2254892867081
2023-05-22,5306,10848,0.48912241887905605,48.91224188790561
2023-05-23,5363,10893,0.49233452676030476,49.233452676030474
2023-05-24,5386,10969,0.4910201476889416,49.10201476889416
2023-05-25,5458,11028,0.49492201668480235,49.492201668480234
2023-05-26,5435,11095,0.48986029743127535,48.98602974312753
2023-05-27,5557,11163,0.4978052494849055,49.78052494849055
2023-05-28,5526,11222,0.4924255925859918,49.24255925859918
2023-05-29,5586,11287,0.49490564366084877,49.490564366084875
2023-05-30,5691,11356,0.5011447692849595,50.114476928495954
2023-05-31,5583,11419,0.48892197215167704,48.892197215167705
2023-06-01,5658,11486,0.49259968657496084,49.25996865749608
2023-06-02,5768,11545,0.4996102208748376,49.961022087483755
2023-06-03,5764,11605,0.4966824644549763,49.66824644549763
2023-06-04,5784,11668,0.4957147754542338,49.571477545423384
2023-06-05,5820,11729,0.4962059851649757,49.62059851649757
2023-06-06,5846,11768,0.4967709041468389,49.67709041468389
2023-06-07,5804,11819,0.49107369489804553,49.107369489804555
2023-06-08,5888,11870,0.49604043807919124,49.604043807919126
2023-06-09,5912,11948,0.4948108470036826,49.481084700368264
2023-06-10,5993,11998,0.4994999166527755,49.94999166527755
2023-06-11,5964,12043,0.49522544216557335,49.522544216557336
2023-06-12,5979,12111,0.4936834282883329,49.36834282883329
2023-06-13,6135,12184,0.5035292186474064,50.352921864740644
2023-06-14,6028,12248,0.492161985630307,49.2161985630307
2023-06-15,6164,12308,0.5008124796880078,50.08124796880078
2023-06-16,6131,12356,0.4961961799935254,49.61961799935254
2023-06-17,6222,12396,0.5019361084220716,50.19361084220716
2023-06-18,6196,12451,0.4976307123925789,49.76307123925789
2023-06-19,6231,12508,0.49816117684681804,49.81611768468181
2023-06-20,6210,12547,0.4949390292500199,49.49390292500199
2023-06-21,6202,12606,0.49198794224972237,49.19879422497224
2023-06-22,6155,12661,0.4861385356606903,48.61385356606903
2023-06-23,6284,12718,0.4941028463594905,49.41028463594905
2023-06-24,6284,12764,0.4923221560639298,49.232215606392984
2023-06-25,6439,12828,0.501948861864671,50.1948861864671
2023-06-26,6448,12885,0.5004268529297633,50.04268529297633
2023-06-27,6407,12937,0.495246193089588,49.5246193089588
2023-06-28,6348,12992,0.48860837438423643,48.860837438423644
2023-06-29,6491,13041,0.49773790353500497,49.773790353500495
2023-06-30,6559,13104,0.500534188034188,50.0534188034188
2023-07-01,6475,13164,0.4918717714980249,49.187177149802494
2023-07-02,6494,13193,0.49223072841658455,49.22307284165846
2023-07-03,6605,13264,0.49796441495778043,49.79644149577804
2023-07-04,6584,13318,0.49436852380237273,49.43685238023727
2023-07-05,6705,13369,0.5015333981599223,50.153339815992226
2023-07-06,6771,13419,0.5045830538788285,50.45830538788285
2023-07-07,6673,13465,0.4955811362792425,49.55811362792425
2023-07-08,6700,13533,0.49508608586418384,49.50860858641838
2023-07-09,6856,13590,0.5044885945548198,50.44885945548197
2023-07-10,6789,13656,0.49714411247803164,49.71441124780316
2023-07-11,6906,13711,0.5036831740937933,50.36831740937933
2023-07-12,6976,13776,0.5063879210220673,50.63879210220673
2023-07-13,6939,13835,0.5015540296349837,50.155402963498375
2023-07-14,6931,13874,0.49956753639901974,49.956753639901976
2023-07-15,6948,13924,0.4989945417983338,49.89945417983338
2023-07-16,6841,13971,0.4896571469472479,48.96571469472479
2023-07-17,6987,14015,0.49853728148412413,49.853728148412415
2023-07-18,6939,14064,0.4933873720136519,49.33873720136519
2023-07-19,7097,14113,0.5028696946078084,50.28696946078084
2023-07-20,7083,14153,0.5004592665865895,50.04592665865894
2023-07-21,7037,14196,0.49570301493378416,49.570301493378416
2023-07-22,7173,14244,0.5035804549283909,50.35804549283909
2023-07-23,7117,14301,0.49765750646807916,49.765750646807916
2023-07-24,7138,14353,0.4973176339441232,49.73176339441232
2023-07-25,7121,14403,0.49441088662084287,49.44108866208429
2023-07-26,7305,14462,0.5051168579726178,50.511685797261784
2023-07-27,7221,14512,0.49758820286659317,49.758820286659315
2023-07-28,7324,14562,0.5029528910863892,50.29528910863892
2023-07-29,7435,14607,0.5090025330321079,50.90025330321078
2023-07-30,7319,14667,0.49901138610486123,49.90113861048612
2023-07-31,7408,14716,0.5033976624082631,50.339766240826314
2023-08-01,7360,14757,0.49874635766077113,49.87463576607711
2023-08-02,7450,14811,0.5030045236648437,50.30045236648437
2023-08-03,7456,14868,0.5014796879203659,50.14796879203659
2023-08-04,7452,14923,0.4993633987804061,49.936339878040606
2023-08-05,7493,14983,0.5001001134619235,50.01001134619235
2023-08-06,7490,15031,0.49830350608741936,49.83035060874194
2023-08-07,7561,15086,0.5011931592204694,50.11931592204694
2023-08-08,7559,15132,0.49953740417657944,49.95374041765794
2023-08-09,7596,15173,0.5006261121729387,50.06261121729387
2023-08-10,7684,15217,0.5049615561543012,50.49615561543012
2023-08-11,7768,15273,0.5086099652982388,50.86099652982388
2023-08-12,7741,15328,0.5050234864300627,50.502348643006265
2023-08-13,7765,15376,0.5050078043704475,50.500780437044746
2023-08-14,7767,15425,0.5035332252836304,50.353322528363044
2023-08-15,7743,15469,0.500549486068912,50.0549486068912
2023-08-16,7873,15515,0.5074444086368031,50.74444086368031
2023-08-17,7824,15567,0.502601657352091,50.26016573520909
2023-08-18,7827,15622,0.501024196645756,50.102419664575606
2023-08-19,8027,15657,0.5126780353835345,51.26780353835345
2023-08-20,7952,15695,0.5066581713921631,50.66581713921631
2023-08-21,7876,15754,0.49993652405738226,49.993652405738224
2023-08-22,7970,15803,0.5043346200088591,50.43346200088591
2023-08-23,8124,15854,0.5124258862116816,51.24258862116816
2023-08-24,8032,15904,0.5050301810865191,50.50301810865191
2023-08-25,8041,15943,0.5043592799347676,50.43592799347676
2023-08-26,7998,15984,0.5003753753753754,50.03753753753754
2023-08-27,8124,16024,0.5069895157264104,50.698951572641036
2023-08-28,8077,16080,0.5023009950248756,50.230099502487555
2023-08-29,8084,16133,0.5010847331556437,50.108473315564375
2023-08-30,8173,16176,0.5052546983184966,50.525469831849655
2023-08-31,8250,16212,0.5088823094004441,50.88823094004441
2023-09-01,8219,16266,0.5052871019304069,50.528710193040695
2023-09-02,8315,16303,0.5100288290498681,51.00288290498681
2023-09-03,8194,16354,0.501039501039501,50.1039501039501
2023-09-04,8215,16394,0.5010979626692692,50.10979626692692
2023-09-05,8246,16436,0.5017035775127768,50.170357751277685
2023-09-06,8356,16486,0.5068543006187067,50.685430061870676
2023-09-07,8290,16527,0.5016034368003872,50.16034368003872
2023-09-08,8373,16576,0.5051278957528957,50.512789575289574
2023-09-09,8295,16630,0.49879735417919424,49.87973541791943
2023-09-10,8436,16657,0.5064537431710392,50.64537431710392
2023-09-11,8414,16680,0.5044364508393285,50.44364508393285
2023-09-12,8367,16720,0.5004186602870814,50.041866028708135
2023-09-13,8553,16772,0.5099570713093251,50.99570713093251
2023-09-14,8603,16811,0.5117482600678127,51.174826006781274
2023-09-15,8572,16844,0.508905248159582,50.8905248159582
2023-09-16,8569,16895,0.5071914767682746,50.71914767682746
2023-09-17,8509,16932,0.5025395700448855,50.25395700448855
2023-09-18,8570,16974,0.5048898315070107,50.488983150701074
2023-09-19,8619,17006,0.5068211219569564,50.68211219569564
2023-09-20,8764,17045,0.5141683778234086,51.41683778234086
2023-09-21,8715,17076,0.5103654251581167,51.03654251581167
2023-09-22,8756,17119,0.5114784742099422,51.14784742099422
2023-09-23,8663,17166,0.5046603751602003,50.46603751602004
2023-09-24,8706,17209,0.5058980765878319,50.589807658783194
2023-09-25,8742,17252,0.5067238581034083,50.67238581034083
2023-09-26,8795,17300,0.5083815028901734,50.838150289017335
2023-09-27,8870,17348,0.5112981323495503,51.12981323495504
2023-09-28,8878,17378,0.5108758200023018,51.08758200023018
2023-09-29,8855,17413,0.5085281111813014,50.852811118130134
2023-09-30,8949,17456,0.5126604032997251,51.266040329972505
2023-10-01,8969,17518,0.5119876698253225,51.19876698253225
2023-10-02,8981,17556,0.5115629984051037,51.156299840510364
2023-10-03,9007,17594,0.5119358872342844,51.19358872342844
2023-10-04,8917,17627,0.5058716741362682,50.58716741362682
2023-10-05,8933,17662,0.5057751104065225,50.57751104065225
2023-10-06,9046,17722,0.5104390023699357,51.043900236993565
2023-10-07,9160,17748,0.5161144917737209,51.611449177372094
2023-10-08,8981,17784,0.5050044984255511,50.500449842555106
2023-10-09,9056,17829,0.5079365079365079,50.79365079365079
2023-10-10,9061,17857,0.5074200593604749,50.742005936047484
2023-10-11,9005,17886,0.5034663983003467,50.34663983003467
2023-10-12,9074,17931,0.5060509731749484,50.60509731749484
2023-10-13,9180,17971,0.5108229925991876,51.08229925991876
2023-10-14,9220,18006,0.5120515383760968,51.205153837609686
2023-10-15,9158,18062,0.507031336507585,50.7031336507585
2023-10-16,9183,18103,0.5072639893940231,50.72639893940231
2023-10-17,9159,18162,0.5042946812025108,50.42946812025107
2023-10-18,9126,18209,0.5011807348014718,50.11807348014719
2023-10-19,9317,18244,0.5106884455163342,51.06884455163342
2023-10-20,9336,18283,0.5106382978723404,51.06382978723404
2023-10-21,9356,18318,0.5107544491756743,51.075444917567424
2023-10-22,9433,18361,0.5137519742933392,51.375197429333916
2023-10-23,9424,18409,0.5119235156716824,51.19235156716824
2023-10-24,9450,18448,0.5122506504770165,51.22506504770165
2023-10-25,9414,18486,0.5092502434274586,50.925024342745864
2023-10-26,9402,18520,0.5076673866090713,50.76673866090713
2023-10-27,9575,18558,0.5159499946114883,51.59499946114883
2023-10-28,9578,18586,0.5153341224577639,51.53341224577639
2023-10-29,9552,18626,0.5128315258241168,51.28315258241168
2023-10-30,9650,18652,0.5173707913360498,51.73707913360498
2023-10-31,9570,18698,0.511819445930046,51.1819445930046
2023-11-01,9570,18728,0.510999572832123,51.099957283212305
2023-11-02,9621,18777,0.5123821696756671,51.23821696756671
2023-11-03,9789,18811,0.520387007601935,52.0387007601935
2023-11-04,9664,18854,0.5125702768643259,51.257027686432586
2023-11-05,9661,18889,0.5114616972841336,51.14616972841336
2023-11-06,9731,18930,0.5140517696777601,51.405176967776015
2023-11-07,9730,18980,0.5126448893572181,51.26448893572181
2023-11-08,9745,19019,0.5123823544876176,51.238235448761756
2023-11-09,9809,19045,0.5150433184562877,51.50433184562877
2023-11-10,9804,19073,0.5140250616054108,51.40250616054109
2023-11-11,9829,19096,0.5147151235860913,51.471512358609125
2023-11-12,9889,19130,0.5169367485624673,51.69367485624673
2023-11-13,9884,19176,0.51543596161869,51.543596161869
2023-11-14,9942,19220,0.5172736732570239,51.72736732570239
2023-11-15,9976,19246,0.518341473552946,51.834147355294604
2023-11-16,9932,19271,0.5153858128794562,51.53858128794562
2023-11-17,9949,19298,0.5155456523992124,51.55456523992123
2023-11-18,9984,19338,0.516289171579274,51.628917157927404
2023-11-19,10013,19371,0.5169067162252852,51.69067162252852
2023-11-20,10077,19396,0.5195401113631677,51.954011136316765
2023-11-21,10035,19429,0.5164959596479489,51.64959596479489
2023-11-22,10029,19452,0.5155768044417026,51.55768044417026
2023-11-23,10044,19479,0.5156322193131064,51.56322193131064
2023-11-24,10244,19523,0.5247144393791938,52.47144393791938
2023-11-25,10046,19554,0.5137567761071904,51.37567761071904
2023-11-26,10168,19594,0.5189343676635705,51.89343676635705
2023-11-27,10015,19625,0.5103184713375796,51.03184713375796
2023-11-28,10082,19652,0.5130266639527783,51.30266639527783
2023-11-29,10296,19688,0.5229581470946769,52.29581470946769
2023-11-30,10105,19730,0.5121642169285352,51.21642169285352
2023-12-01,10211,19755,0.5168818020754239,51.68818020754239
2023-12-02,10111,19790,0.5109146033350177,51.09146033350177
2023-12-03,10264,19827,0.5176779139557169,51.76779139557169
2023-12-04,10293,19863,0.5181996677239088,51.81996677239088
2023-12-05,10252,19905,0.515046470735996,51.5046470735996
2023-12-06,10258,19939,0.5144691308490897,51.44691308490897
2023-12-07,10248,19967,0.5132468573145691,51.32468573145691
2023-12-08,10315,20008,0.5155437824870052,51.554378248700516
2023-12-09,10294,20039,0.5136982883377414,51.36982883377414
2023-12-10,10299,20070,0.513153961136024,51.3153961136024
2023-12-11,10385,20091,0.5168981135831965,51.689811358319645
2023-12-12,10388,20123,0.5162252149281916,51.62252149281916
2023-12-13,10316,20154,0.5118586881016175,51.18586881016175
2023-12-14,10408,20171,0.5159883000347033,51.59883000347033
2023-12-15,10443,20220,0.5164688427299703,51.64688427299703
2023-12-16,10464,20254,0.516638688654093,51.6638688654093
2023-12-17,10493,20284,0.5173042792348649,51.73042792348649
2023-12-18,10431,20317,0.5134124132499877,51.34124132499876
2023-12-19,10459,20342,0.5141578999115132,51.415789991151314
2023-12-20,10634,20382,0.5217348640957707,52.17348640957707
2023-12-21,10522,20404,0.515683199372672,51.568319937267205
2023-12-22,10505,20433,0.5141193167914648,51.411931679146484
2023-12-23,10643,20436,0.5207966333920533,52.079663339205325
2023-12-24,10529,20465,0.5144881505008552,51.448815050085514
2023-12-25,10693,20478,0.5221701338021291,52.217013380212904
2023-12-26,10494,20514,0.5115530856975724,51.15530856975724
2023-12-27,10705,20546,0.5210259904604303,52.10259904604303
2023-12-28,10667,20583,0.518243210416363,51.8243210416363
2023-12-29,10592,20604,0.5140749369054552,51.40749369054552
2023-12-30,10831,20625,0.5251393939393939,52.51393939393939
2023-12-31,10793,20659,0.5224357422914953,52.24357422914952
2024-01-01,10738,20678,0.5192958700067705,51.929587000677046
2024-01-02,10686,20717,0.5158082733986581,51.580827339865806
2024-01-03,10579,20745,0.5099542058327308,50.995420583273074
2024-01-04,10649,20771,0.5126859563814934,51.268595638149336
2024-01-05,10669,20794,0.5130806963547178,51.308069635471774
2024-01-06,10580,20825,0.5080432172869148,50.804321728691484
2024-01-07,10567,20854,0.5067133403663566,50.67133403663566
2024-01-08,10524,20889,0.5038058308200488,50.38058308200488
2024-01-09,10439,20917,0.4990677439403356,49.90677439403356
2024-01-10,10581,20938,0.5053491259910211,50.534912599102114
2024-01-11,10606,20962,0.5059631714531057,50.596317145310564
2024-01-12,10535,20978,0.5021927733816379,50.21927733816379
2024-01-13,10452,21023,0.49716976644627314,49.716976644627316
2024-01-14,10512,21055,0.4992638328188079,49.92638328188079
2024-01-15,10449,21084,0.49558907228229937,49.558907228229934
2024-01-16,10462,21113,0.4955240846871596,49.55240846871596
2024-01-17,10420,21136,0.492997728993187,49.2997728993187
2024-01-18,10441,21174,0.4931047511098517,49.310475110985166
2024-01-19,10419,21212,0.49118423533848765,49.11842353384876
2024-01-20,10422,21239,0.49070106878854935,49.070106878854936
2024-01-21,10216,21284,0.4799849652320992,47.99849652320992
2024-01-22,10303,21308,0.48352731368500096,48.352731368500095
2024-01-23,10390,21340,0.48687910028116216,48.687910028116214
2024-01-24,10283,21367,0.48125614264988065,48.125614264988066
2024-01-25,10293,21394,0.4811162008039637,48.11162008039637
2024-01-26,10168,21412,0.4748739024845881,47.48739024845881
2024-01-27,10160,21433,0.474035366024355,47.403536602435494
2024-01-28,10279,21453,0.479140446557591,47.9140446557591
2024-01-29,10152,21455,0.4731764157539035,47.317641575390354
2024-01-30,10120,21401,0.4728750992944255,47.28750992944255
2024-01-31,10113,21382,0.4729679169394818,47.29679169394818
2024-02-01,10165,21349,0.47613471356972226,47.61347135697223
2024-02-02,10091,21322,0.47326704811931336,47.326704811931336
2024-02-03,10118,21280,0.4754699248120301,47.54699248120301
2024-02-04,10125,21230,0.47691945360339144,47.69194536033915
2024-02-05,9991,21185,0.471607269294312,47.1607269294312
2024-02-06,10018,21145,0.4737763064554268,47.37763064554268
2024-02-07,10021,21116,0.4745690471680242,47.45690471680242
2024-02-08,10014,21071,0.4752503440747947,47.525034407479474
2024-02-09,10040,21027,0.4774813335235649,47.74813335235649
2024-02-10,9921,20977,0.4729465605186633,47.294656051866326
2024-02-11,9982,20941,0.4766725562294064,47.667255622940644
2024-02-12,9834,20891,0.47072902206691875,47.07290220669187
2024-02-13,9919,20846,0.4758226997985225,47.58226997985225
2024-02-14,9911,20822,0.47598693689367017,47.59869368936702
2024-02-15,10094,20782,0.48570878644981236,48.570878644981235
2024-02-16,9768,20736,0.4710648148148148,47.10648148148148
2024-02-17,9881,20682,0.4777584372884634,47.77584372884634
2024-02-18,9824,20650,0.47573849878934626,47.573849878934624
2024-02-19,9819,20623,0.47611889637783056,47.61188963778306
2024-02-20,9720,20570,0.4725328147788041,47.25328147788041
2024-02-21,9684,20538,0.4715162138475022,47.15162138475022
2024-02-22,9775,20509,0.4766200204788142,47.662002047881415
2024-02-23,9654,20472,0.4715709261430246,47.15709261430246
2024-02-24,9730,20435,0.476143870809885,47.6143870809885
2024-02-25,9655,20390,0.4735164296223639,47.35164296223639
2024-02-26,9775,20348,0.48039119323766466,48.039119323766464
2024-02-27,9614,20311,0.47333956969130025,47.33395696913003
2024-02-28,9583,20278,0.4725811223986586,47.25811223986586
2024-02-29,9735,20246,0.480835720636175,48.0835720636175
2024-03-01,9619,20197,0.4762588503243056,47.62588503243056
2024-03-02,9391,20148,0.4661008536827477,46.61008536827477
2024-03-03,9485,20123,0.4713511901803906,47.13511901803906
2024-03-04,9647,20092,0.48014134979096157,48.014134979096156
2024-03-05,9486,20049,0.4731408050276822,47.31408050276822
2024-03-06,9579,20025,0.4783520599250936,47.83520599250936
2024-03-07,9520,19990,0.4762381190595298,47.62381190595298
2024-03-08,9484,19968,0.4749599358974359,47.49599358974359
2024-03-09,9326,19912,0.46836078746484533,46.83607874648453
2024-03-10,9424,19870,0.4742828384499245,47.42828384499245
2024-03-11,9361,19845,0.47170571932476696,47.1705719324767
2024-03-12,9349,19790,0.47241030823648306,47.24103082364831
2024-03-13,9450,19756,0.478335695484916,47.8335695484916
2024-03-14,9318,19721,0.47249125297905786,47.249125297905785
2024-03-15,9345,19692,0.47455819622181594,47.45581962218159
2024-03-16,9296,19655,0.4729585347239888,47.29585347239888
2024-03-17,9336,19629,0.4756228029955678,47.56228029955678
2024-03-18,9256,19585,0.4726065866734746,47.260658667347464
2024-03-19,9283,19555,0.4747123497826643,47.47123497826643
2024-03-20,9244,19494,0.4741971888786293,47.419718887862935
2024-03-21,9315,19460,0.47867420349434736,47.86742034943474
2024-03-22,9191,19429,0.47305574141746876,47.305574141746874
2024-03-23,9223,19397,0.475485899881425,47.548589988142496
2024-03-24,9311,19353,0.4811140391670542,48.11140391670542
2024-03-25,9190,19333,0.4753530233279884,47.53530233279884
2024-03-26,9239,19299,0.478729467848075,47.8729467848075
2024-03-27,9140,19257,0.47463260113205585,47.463260113205585
2024-03-28,9029,19210,0.4700156168662155,47.00156168662155
2024-03-29,9062,19190,0.472225117248567,47.222511724856695
2024-03-30,9109,19146,0.47576517288206416,47.57651728820642
2024-03-31,9111,19100,0.47701570680628275,47.70157068062827
2024-04-01,9166,19069,0.4806754418165609,48.06754418165609
2024-04-02,9036,19033,0.4747543739820312,47.47543739820312
2024-04-03,8910,18975,0.46956521739130436,46.95652173913044
2024-04-04,9090,18967,0.47925344018558547,47.92534401855855
2024-04-05,9002,18936,0.4753907900295733,47.53907900295733
2024-04-06,9013,18904,0.47677740160812526,47.677740160812526
2024-04-07,8834,18864,0.4682994062765055,46.82994062765055
2024-04-08,8928,18825,0.4742629482071713,47.42629482071713
2024-04-09,8848,18800,0.4706382978723404,47.06382978723404
2024-04-10,8975,18779,0.4779274721763672,47.79274721763672
2024-04-11,8905,18747,0.47500933482690566,47.50093348269056
2024-04-12,8948,18707,0.4783236221735179,47.83236221735179
2024-04-13,8834,18661,0.4733937088044585,47.339370880445856
2024-04-14,8829,18631,0.47388760667704366,47.38876066770437
2024-04-15,8850,18595,0.47593439096531326,47.59343909653133
2024-04-16,8788,18572,0.4731854404479862,47.31854404479862
2024-04-17,8851,18550,0.47714285714285715,47.714285714285715
2024-04-18,8730,18511,0.471611474258549,47.1611474258549
2024-04-19,8881,18501,0.48002810658883305,48.002810658883305
2024-04-20,8798,18477,0.4761595497104508,47.615954971045085
2024-04-21,8759,18446,0.4748454949582565,47.484549495825654
2024-04-22,8690,18405,0.4721543058951372,47.215430589513716
2024-04-23,8708,18372,0.4739821467450468,47.39821467450468
2024-04-24,8773,18334,0.4785098723682775,47.850987236827756
2024-04-25,8697,18290,0.47550574084199015,47.55057408419901
2024-04-26,8560,18261,0.4687585564865013,46.87585564865013
2024-04-27,8637,18217,0.47411758247790525,47.41175824779052
2024-04-28,8748,18194,0.4808178520391338,48.08178520391338
2024-04-29,8672,18153,0.4777171817330469,47.77171817330469
2024-04-30,8633,18139,0.47593582887700536,47.593582887700535
2024-05-01,8520,18110,0.47045831032578683,47.04583103257868
2024-05-02,8579,18068,0.4748173566526456,47.48173566526456
2024-05-03,8585,18047,0.4757023327976949,47.57023327976949
2024-05-04,8516,18011,0.47282216423296874,47.28221642329687
2024-05-05,8562,17960,0.4767260579064588,47.672605790645875
2024-05-06,8582,17934,0.4785323965651834,47.85323965651834
2024-05-07,8618,17901,0.48142561868052064,48.14256186805206
2024-05-08,8369,17860,0.4685890257558791,46.858902575587905
2024-05-09,8470,17814,0.4754687324576176,47.54687324576176
2024-05-10,8395,17777,0.47223941047420825,47.22394104742082
2024-05-11,8463,17749,0.47681559524480255,47.68155952448026
2024-05-12,8373,17726,0.4723569897325962,47.23569897325962
2024-05-13,8350,17673,0.47247213263169807,47.247213263169805
2024-05-14,8435,17630,0.4784458309699376,47.84458309699376
2024-05-15,8306,17608,0.47171740118128125,47.17174011812813
2024-05-16,8395,17586,0.47736836119640624,47.73683611964062
2024-05-17,8280,17563,0.47144565279280304,47.1445652792803
2024-05-18,8352,17537,0.47625021383360894,47.625021383360895
2024-05-19,8352,17483,0.4777212148944689,47.77212148944689
2024-05-20,8230,17468,0.47114724066865127,47.11472406686513
2024-05-21,8258,17428,0.47383520771172827,47.383520771172826
2024-05-22,8273,17388,0.4757878997009432,47.57878997009432
2024-05-23,8193,17339,0.47251859968856336,47.25185996885634
2024-05-24,8230,17327,0.47498124314653434,47.49812431465343
2024-05-25,8274,17301,0.47823825212415466,47.823825212415464
2024-05-26,8202,17270,0.47492762015055007,47.49276201505501
2024-05-27,8156,17253,0.47272938039761203,47.2729380397612
2024-05-28,8165,17226,0.47399280157900847,47.39928015790085
2024-05-29,8092,17206,0.47030105777054515,47.030105777054516
2024-05-30,8144,17187,0.47384651189852794,47.3846511898528
2024-05-31,8097,17149,0.47215581083445096,47.215581083445095
2024-06-01,8051,17128,0.47004904250350305,47.00490425035031
2024-06-02,7974,17107,0.4661249780791489,46.612497807914885
2024-06-03,8114,17076,0.47516982899976573,47.516982899976576
2024-06-04,8017,17063,0.46984703744945205,46.98470374494521
2024-06-05,8127,17018,0.477553178986955,47.7553178986955
2024-06-06,7994,16994,0.4704013181122749,47.04013181122749
2024-06-07,8189,16973,0.48247216166853235,48.247216166853235
2024-06-08,7964,16939,0.4701576244170258,47.01576244170258
2024-06-09,7991,16897,0.4729241877256318,47.292418772563174
2024-06-10,7936,16874,0.47030935166528387,47.03093516652839
2024-06-11,8024,16851,0.4761735208592962,47.61735208592962
2024-06-12,7925,16818,0.4712213105006541,47.122131050065406
2024-06-13,7933,16770,0.4730471079308289,47.30471079308289
2024-06-14,7885,16726,0.4714217386105465,47.14217386105465
2024-06-15,7887,16686,0.47267170082704063,47.26717008270406
2024-06-16,7880,16639,0.47358615301400325,47.35861530140033
2024-06-17,7937,16606,0.477959773575816,47.7959773575816
2024-06-18,7992,16596,0.48156182212581344,48.15618221258134
2024-06-19,7851,16578,0.4735794426348172,47.35794426348172
2024-06-20,7818,16536,0.4727866473149492,47.27866473149492
2024-06-21,7730,16494,0.46865526858251483,46.865526858251485
2024-06-22,7746,16452,0.4708242159008023,47.08242159008023
2024-06-23,7770,16430,0.472915398660986,47.291539866098596
2024-06-24,7704,16406,0.4695842984274046,46.958429842740465
2024-06-25,7797,16375,0.4761526717557252,47.61526717557252
2024-06-26,7670,16334,0.46957267050324475,46.957267050324475
2024-06-27,7811,16298,0.4792612590501902,47.92612590501902
2024-06-28,7840,16284,0.4814541881601572,48.14541881601572
2024-06-29,7725,16247,0.47547239490367454,47.54723949036745
2024-06-30,7703,16224,0.4747904339250493,47.479043392504934
2024-07-01,7731,16199,0.4772516822026051,47.725168220260514
2024-07-02,7726,16156,0.4782124288190146,47.82124288190146
2024-07-03,7683,16139,0.47605179998760766,47.60517999876077
2024-07-04,7696,16128,0.4771825396825397,47.71825396825397
2024-07-05,7591,16093,0.4716957683464861,47.16957683464861
2024-07-06,7680,16056,0.47832585949177875,47.832585949177876
2024-07-07,7572,16029,0.4723937862623994,47.23937862623994
2024-07-08,7607,15992,0.4756753376688344,47.56753376688344
2024-07-09,7563,15959,0.47390187355097435,47.39018735509744
2024-07-10,7476,15913,0.4698045623075473,46.98045623075473
2024-07-11,7452,15863,0.4697724264010591,46.977242640105906
2024-07-12,7578,15841,0.4783788902215769,47.83788902215769
2024-07-13,7449,15810,0.47115749525616696,47.11574952561669
2024-07-14,7526,15787,0.4767213530119719,47.67213530119719
2024-07-15,7445,15766,0.4722186984650514,47.221869846505136
2024-07-16,7527,15743,0.47811725846407926,47.811725846407924
2024-07-17,7417,15715,0.47196945593382117,47.19694559338212
2024-07-18,7297,15688,0.46513258541560426,46.513258541560425
2024-07-19,7457,15669,0.47590784351266835,47.590784351266834
2024-07-20,7410,15648,0.4735429447852761,47.354294478527606
2024-07-21,7340,15638,0.4693694845888221,46.93694845888221
2024-07-22,7343,15597,0.47079566583317306,47.07956658331731
2024-07-23,7413,15572,0.4760467505779604,47.604675057796044
2024-07-24,7361,15527,0.4740774135377085,47.40774135377085
2024-07-25,7335,15507,0.4730121880441091,47.30121880441091
2024-07-26,7413,15500,0.478258064516129,47.8258064516129
2024-07-27,7298,15461,0.4720263889787207,47.20263889787207
2024-07-28,7224,15441,0.46784534680396345,46.78453468039635
2024-07-29,7273,15407,0.4720581553839164,47.20581553839164
2024-07-30,7300,15383,0.47454982773191184,47.45498277319118
2024-07-31,7296,15342,0.47555729370355887,47.555729370355884
2024-08-01,7233,15324,0.47200469851213783,47.20046985121378
2024-08-02,7241,15295,0.4734226871526643,47.34226871526643
2024-08-03,7226,15264,0.4734014675052411,47.340146750524106
2024-08-04,7272,15229,0.4775100137894806,47.75100137894806
2024-08-05,7146,15190,0.4704410796576695,47.044107965766955
2024-08-06,7245,15176,0.47739852398523985,47.739852398523986
2024-08-07,7105,15130,0.46959682749504295,46.959682749504296
2024-08-08,7241,15101,0.4795046685649957,47.95046685649957
2024-08-09,7247,15072,0.48082537154989385,48.08253715498939
2024-08-10,7112,15044,0.4727466099441638,47.27466099441638
2024-08-11,7117,15037,0.47329919531821507,47.32991953182151
2024-08-12,7091,15016,0.47222962173681404,47.2229621736814
2024-08-13,7082,14993,0.4723537650903755,47.23537650903755
2024-08-14,7090,14977,0.4733925352206717,47.33925352206717
2024-08-15,7040,14948,0.47096601552047096,47.0966015520471
2024-08-16,7067,14935,0.47318379645128894,47.31837964512889
2024-08-17,6963,14922,0.46662645757941296,46.6626457579413
2024-08-18,7064,14879,0.47476308891726593,47.476308891726596
2024-08-19,7083,14865,0.47648839556004036,47.648839556004035
2024-08-20,6932,14831,0.4673993661924348,46.73993661924348
2024-08-21,6987,14794,0.47228606191699335,47.228606191699335
2024-08-22,6956,14764,0.47114603088593876,47.114603088593874
2024-08-23,6889,14746,0.4671775396717754,46.717753967177536
2024-08-24,6991,14728,0.47467409016838674,47.46740901683867
2024-08-25,6869,14705,0.4671200272016321,46.71200272016321
2024-08-26,6836,14699,0.4650656507245391,46.50656507245391
2024-08-27,6930,14675,0.47223168654173764,47.22316865417376
2024-08-28,6967,14648,0.4756280720917531,47.56280720917531
2024-08-29,6946,14625,0.47494017094017094,47.494017094017096
2024-08-30,6810,14588,0.4668220455168632,46.68220455168632
2024-08-31,6805,14555,0.46753692889041565,46.75369288904157
2024-09-01,6947,14538,0.47785114871371576,47.785114871371576
2024-09-02,6799,14508,0.46863799283154123,46.86379928315412
2024-09-03,6782,14477,0.46846722387234924,46.84672238723493
2024-09-04,6769,14435,0.46892968479390373,46.892968479390376
2024-09-05,6776,14427,0.4696749150897622,46.967491508976224
2024-09-06,6904,14400,0.47944444444444445,47.94444444444444
2024-09-07,6772,14373,0.4711612050372226,47.11612050372226
2024-09-08,6775,14326,0.4729163758201871,47.29163758201871
2024-09-09,6786,14295,0.4747114375655824,47.471143756558234
2024-09-10,6667,14277,0.4669748546613434,46.69748546613434
2024-09-11,6679,14254,0.4685702259015013,46.85702259015013
2024-09-12,6698,14215,0.4711924023918396,47.11924023918396
2024-09-13,6629,14192,0.46709413754227735,46.70941375422773
2024-09-14,6779,14155,0.4789120452137054,47.89120452137054
2024-09-15,6768,14129,0.47901479227121524,47.90147922712153
2024-09-16,6605,14113,0.46800821937221004,46.800821937221
2024-09-17,6619,14068,0.47050042649985785,47.050042649985784
2024-09-18,6677,14034,0.4757731224169873,47.577312241698735
2024-09-19,6617,13996,0.47277793655330097,47.2777936553301
2024-09-20,6520,13990,0.4660471765546819,46.60471765546819
2024-09-21,6561,13959,0.4700193423597679,47.00193423597679
2024-09-22,6535,13938,0.4688621036016645,46.88621036016645
2024-09-23,6547,13912,0.47060092006900517,47.06009200690052
2024-09-24,6623,13876,0.4772989334102047,47.72989334102047
2024-09-25,6533,13846,0.47183302036689295,47.1833020366893
2024-09-26,6593,13817,0.47716581023376997,47.716581023376996
2024-09-27,6488,13801,0.47011086153177306,47.0110861531773
2024-09-28,6611,13780,0.47975326560232223,47.975326560232226
2024-09-29,6506,13739,0.4735424703399083,47.35424703399083
2024-09-30,6588,13709,0.4805602159165512,48.05602159165512
2024-10-01,6453,13689,0.4714003944773176,47.14003944773176
2024-10-02,6560,13671,0.47984785311974254,47.98478531197426
2024-10-03,6424,13654,0.47048483960744103,47.0484839607441
2024-10-04,6455,13639,0.4732751668010851,47.32751668010851
2024-10-05,6452,13608,0.4741328630217519,47.41328630217519
2024-10-06,6428,13582,0.4732734501546164,47.32734501546164
2024-10-07,6584,13557,0.485653168105038,48.5653168105038
2024-10-08,6483,13538,0.47887427980499336,47.88742798049934
2024-10-09,6372,13527,0.47105788423153694,47.1057884231537
2024-10-10,6352,13502,0.47044882239668195,47.0448822396682
2024-10-11,6269,13472,0.4653355106888361,46.53355106888361
2024-10-12,6392,13463,0.4747827378741737,47.47827378741737
2024-10-13,6406,13453,0.47617631754998885,47.61763175499888
2024-10-14,6377,13410,0.4755406413124534,47.55406413124534
2024-10-15,6349,13383,0.47440783083015764,47.440783083015766
2024-10-16,6325,13372,0.47300329045767275,47.30032904576728
2024-10-17,6245,13354,0.46765014227946683,46.765014227946686
2024-10-18,6276,13322,0.4711004353700646,47.110043537006455
2024-10-19,6339,13301,0.47658070821742726,47.658070821742726
2024-10-20,6256,13283,0.4709779417300309,47.09779417300309
2024-10-21,6289,13259,0.47431933026623424,47.431933026623426
2024-10-22,6215,13240,0.46941087613293053,46.94108761329305
2024-10-23,6215,13201,0.47079766684342095,47.0797666843421
2024-10-24,6204,13166,0.47121373234087804,47.121373234087805
2024-10-25,6189,13145,0.4708254089007227,47.08254089007227
2024-10-26,6119,13128,0.466102985984156,46.6102985984156
2024-10-27,6089,13105,0.46463181991606256,46.463181991606255
2024-10-28,6114,13062,0.4680753330271015,46.807533302710155
2024-10-29,6046,13034,0.46386374098511585,46.38637409851158
2024-10-30,6066,13009,0.46629256668460295,46.62925666846029
2024-10-31,6227,12999,0.4790368489883837,47.90368489883837
2024-11-01,6057,12983,0.46653315874605256,46.653315874605255
2024-11-02,5957,12963,0.45953868703232276,45.953868703232274
2024-11-03,6152,12920,0.4761609907120743,47.61609907120743
2024-11-04,5997,12906,0.46466759646675965,46.46675964667597
2024-11-05,6042,12887,0.46884457204935204,46.8844572049352
2024-11-06,5979,12871,0.4645326703441846,46.45326703441846
2024-11-07,6008,12842,0.46783990032705186,46.783990032705184
2024-11-08,6053,12815,0.4723371049551307,47.23371049551307
2024-11-09,5978,12787,0.4675060608430437,46.750606084304366
2024-11-10,6009,12750,0.4712941176470588,47.12941176470588
2024-11-11,5967,12712,0.4693989930774072,46.93989930774072
2024-11-12,5907,12675,0.4660355029585799,46.603550295857985
2024-11-13,5896,12641,0.46641879598133057,46.64187959813306
2024-11-14,6013,12607,0.47695724597445865,47.69572459744587
2024-11-15,5859,12573,0.4659985683607731,46.59985683607731
2024-11-16,6004,12557,0.47813968304531335,47.813968304531336
2024-11-17,5929,12523,0.47344885410844045,47.34488541084404
2024-11-18,5940,12504,0.4750479846449136,47.50479846449136
2024-11-19,5928,12467,0.4754953076120959,47.54953076120959
2024-11-20,5962,12444,0.4791063966570235,47.91063966570235
2024-11-21,5880,12420,0.47342995169082125,47.34299516908212
2024-11-22,5823,12395,0.46978620411456234,46.978620411456234
2024-11-23,5859,12362,0.4739524348810872,47.39524348810872
2024-11-24,5789,12333,0.4693910646233682,46.939106462336824
2024-11-25,5813,12325,0.47164300202839754,47.164300202839755
2024-11-26,5915,12305,0.4806989028850061,48.06989028850061
2024-11-27,5805,12286,0.47248901188344455,47.248901188344455
2024-11-28,5789,12258,0.472263011910589,47.2263011910589
2024-11-29,5818,12231,0.4756765595617693,47.56765595617693
2024-11-30,5768,12199,0.4728256414460202,47.28256414460202
2024-12-01,5776,12167,0.4747267198158955,47.47267198158955
2024-12-02,5711,12146,0.4701959492837148,47.019594928371475
2024-12-03,5767,12121,0.4757858262519594,47.57858262519594
2024-12-04,5740,12098,0.4744585881963961,47.44585881963961
2024-12-05,5741,12078,0.4753270409008114,47.53270409008114
2024-12-06,5653,12059,0.4687785056804047,46.87785056804047
2024-12-07,5610,12046,0.4657147600863357,46.571476008633574
2024-12-08,5756,12036,0.47823197075440343,47.82319707544034
2024-12-09,5760,12016,0.4793608521970706,47.93608521970706
2024-12-10,5835,11978,0.4871430956754049,48.71430956754049
2024-12-11,5698,11959,0.47646124257881095,47.6461242578811
2024-12-12,5669,11938,0.47487016250628244,47.487016250628244
2024-12-13,5576,11906,0.46833529312951455,46.833529312951455
2024-12-14,5631,11883,0.47387023478919466,47.38702347891947
2024-12-15,5714,11878,0.4810574170735814,48.10574170735814
2024-12-16,5585,11870,0.470513900589722,47.051390058972196
2024-12-17,5593,11854,0.47182385692593215,47.182385692593215
2024-12-18,5610,11833,0.47409786191160314,47.409786191160315
2024-12-19,5593,11820,0.4731810490693739,47.31810490693739
2024-12-20,5529,11795,0.46875794828317086,46.87579482831708
2024-12-21,5582,11770,0.47425658453695835,47.42565845369583
2024-12-22,5541,11753,0.4714540968263422,47.145409682634224
2024-12-23,5603,11734,0.47750127833645817,47.75012783364582
2024-12-24,5610,11716,0.4788323659952202,47.88323659952202
2024-12-25,5566,11699,0.4757671595862894,47.57671595862894
2024-12-26,5637,11685,0.48241335044929395,48.24133504492939
2024-12-27,5520,11654,0.4736571134374464,47.365711343744636
2024-12-28,5452,11632,0.468707015130674,46.870701513067395
2024-12-29,5534,11614,0.4764938866884794,47.64938866884794
2024-12-30,5496,11599,0.4738339512026899,47.383395120268986
2024-12-31,5572,11576,0.4813407049067035,48.13407049067035
2025-01-01,5443,11559,0.4708884851630764,47.08884851630764
2025-01-02,5399,11532,0.46817551161984045,46.81755116198404
2025-01-03,5445,11521,0.4726152243728843,47.26152243728843
2025-01-04,5459,11508,0.474365658672228,47.436565867222804
2025-01-05,5347,11473,0.46605072779569423,46.605072779569426
2025-01-06,5373,11456,0.46901187150837986,46.901187150837984
2025-01-07,5429,11421,0.4753524209788985,47.53524209788985
2025-01-08,5294,11401,0.4643452328743093,46.43452328743093
2025-01-09,5377,11379,0.4725371298005097,47.25371298005097
2025-01-10,5372,11357,0.4730122391476622,47.30122391476622
2025-01-11,5428,11334,0.478913005117346,47.8913005117346
2025-01-12,5235,11315,0.4626601855943438,46.26601855943438
2025-01-13,5340,11286,0.4731525784157363,47.31525784157363
2025-01-14,5374,11259,0.47730704325428547,47.73070432542855
2025-01-15,5261,11250,0.4676444444444444,46.76444444444444
2025-01-16,5295,11214,0.4721776350989834,47.21776350989834
2025-01-17,5259,11178,0.4704777241009125,47.04777241009125
2025-01-18,5228,11167,0.4681651293991224,46.81651293991224
2025-01-19,5183,11150,0.46484304932735426,46.48430493273543
2025-01-20,5243,11147,0.47035076702251727,47.03507670225173
2025-01-21,5160,11122,0.46394533357309836,46.39453335730984
2025-01-22,5268,11105,0.4743809095002251,47.43809095002251
2025-01-23,5220,11084,0.4709491158426561,47.09491158426561
2025-01-24,5151,11063,0.46560607430172646,46.560607430172645
2025-01-25,5173,11050,0.4681447963800905,46.81447963800905
2025-01-26,5184,11043,0.46943765281173594,46.9437652811736
2025-01-27,5256,11017,0.4770808750113461,47.708087501134614
2025-01-28,5095,10998,0.46326604837243135,46.32660483724314
2025-01-29,5094,10982,0.46384993625933346,46.38499362593335
2025-01-30,5189,10952,0.4737947406866326,47.37947406866326
2025-01-31,5143,10943,0.46998080965000455,46.998080965000455
2025-02-01,5021,10920,0.4597985347985348,45.979853479853475
2025-02-02,5189,10900,0.4760550458715596,47.60550458715596
2025-02-03,5087,10875,0.46777011494252874,46.777011494252875
2025-02-04,4978,10839,0.459267460097795,45.9267460097795
2025-02-05,5060,10826,0.4673933123960835,46.73933123960835
2025-02-06,5036,10806,0.46603738663705346,46.60373866370534
2025-02-07,4991,10780,0.462987012987013,46.2987012987013
2025-02-08,5033,10751,0.4681424983722444,46.814249837224445
2025-02-09,5044,10738,0.46973365617433416,46.973365617433416
2025-02-10,5049,10717,0.4711206494354763,47.11206494354763
2025-02-11,5004,10694,0.4679259397793155,46.79259397793155
2025-02-12,5055,10673,0.47362503513538834,47.36250351353883
2025-02-13,5062,10652,0.4752159218926023,47.52159218926023
2025-02-14,4993,10626,0.46988518727649164,46.988518727649165
2025-02-15,5022,10601,0.47372889350061315,47.372889350061314
2025-02-16,4942,10568,0.46763815291445876,46.76381529144587
2025-02-17,4952,10557,0.4690726532158757,46.90726532158757
2025-02-18,4985,10536,0.4731397114654518,47.31397114654518
2025-02-19,4893,10517,0.4652467433678806,46.52467433678806
2025-02-20,4774,10484,0.45536054940862264,45.536054940862265
2025-02-21,4947,10472,0.4724025974025974,47.24025974025974
2025-02-22,4921,10467,0.470144262921563,47.0144262921563
2025-02-23,4924,10450,0.47119617224880384,47.119617224880386
2025-02-24,4918,10438,0.47116305805709907,47.11630580570991
2025-02-25,4980,10430,0.47746883988494726,47.74688398849472
2025-02-26,4855,10405,0.4666025949062951,46.66025949062951
2025-02-27,4940,10381,0.47586937674597823,47.58693767459782
2025-02-28,4800,10362,0.46323103647944414,46.323103647944414
2025-03-01,4857,10337,0.46986553158556643,46.986553158556646
2025-03-02,4945,10323,0.4790274145112855,47.90274145112855
2025-03-03,4903,10309,0.4756038413037152,47.56038413037152
2025-03-04,4876,10287,0.4739963060173034,47.399630601730344
2025-03-05,4923,10253,0.4801521505900712,48.01521505900712
2025-03-06,4831,10237,0.47191560027351764,47.19156002735176
2025-03-07,4793,10205,0.469671729544341,46.9671729544341
2025-03-08,4873,10182,0.4785896680416421,47.85896680416421
2025-03-09,4702,10150,0.4632512315270936,46.32512315270936
2025-03-10,4858,10144,0.478903785488959,47.8903785488959
2025-03-11,4839,10138,0.4773130795028605,47.73130795028605
2025-03-12,4771,10121,0.4713961071040411,47.13961071040411
2025-03-13,4731,10111,0.4679062407279201,46.790624072792006
2025-03-14,4769,10082,0.47302122594723267,47.302122594723265
2025-03-15,4779,10059,0.475096928124068,47.5096928124068
2025-03-16,4714,10047,0.4691947845127899,46.91947845127899
2025-03-17,4758,10030,0.47437686939182455,47.437686939182456
2025-03-18,4687,10012,0.46813823411905714,46.813823411905716
2025-03-19,4881,9987,0.4887353559627516,48.87353559627516
2025-03-20,4734,9969,0.47487210352091486,47.48721035209149
2025-03-21,4692,9948,0.47165259348612787,47.165259348612786
2025-03-22,4721,9925,0.4756675062972292,47.56675062972292
2025-03-23,4719,9899,0.47671481967875545,47.67148196787554
2025-03-24,4762,9879,0.48203259439214496,48.2032594392145
2025-03-25,4680,9874,0.4739720478023091,47.397204780230915
2025-03-26,4638,9859,0.4704331068059641,47.04331068059641
2025-03-27,4626,9837,0.47026532479414457,47.026532479414456
2025-03-28,4671,9821,0.4756134813155483,47.56134813155483
2025-03-29,4705,9796,0.48029808084932624,48.029808084932625
2025-03-30,4582,9779,0.46855506698026383,46.85550669802638
2025-03-31,4616,9756,0.47314473144731445,47.314473144731444
2025-04-01,4705,9750,0.48256410256410254,48.256410256410255
2025-04-02,4648,9731,0.47764875141300994,47.764875141301
2025-04-03,4614,9711,0.47513129440840285,47.51312944084029
2025-04-04,4592,9688,0.47398843930635837,47.398843930635834
2025-04-05,4688,9678,0.48439760281049804,48.43976028104981
2025-04-06,4566,9659,0.4727197432446423,47.271974324464225
2025-04-07,4493,9644,0.4658855246785566,46.588552467855656
2025-04-08,4536,9636,0.47073474470734744,47.073474470734745
2025-04-09,4575,9625,0.4753246753246753,47.53246753246753
2025-04-10,4557,9612,0.4740948813982522,47.409488139825214
2025-04-11,4556,9595,0.4748306409588327,47.48306409588327
2025-04-12,4604,9584,0.4803839732888147,48.03839732888147
2025-04-13,4525,9560,0.473326359832636,47.3326359832636
2025-04-14,4467,9548,0.4678466694595727,46.78466694595727
2025-04-15,4515,9529,0.4738167698604261,47.381676986042606
2025-04-16,4483,9526,0.47060676044509764,47.06067604450976
2025-04-17,4551,9513,0.47839798170923997,47.839798170924
2025-04-18,4451,9497,0.4686743182057492,46.867431820574915
2025-04-19,4517,9481,0.4764265372850965,47.64265372850965
2025-04-20,4509,9448,0.4772438611346317,47.72438611346317
2025-04-21,4433,9428,0.4701951633432329,47.01951633432329
2025-04-22,4498,9412,0.47790055248618785,47.790055248618785
2025-04-23,4401,9406,0.4678928343610461,46.78928343610461
2025-04-24,4456,9400,0.47404255319148936,47.40425531914894
2025-04-25,4435,9368,0.4734201537147737,47.342015371477366
2025-04-26,4415,9345,0.4724451578384163,47.24451578384163
2025-04-27,4414,9335,0.47284413497589717,47.28441349758972
2025-04-28,4412,9321,0.47333977041090014,47.333977041090016
2025-04-29,4335,9289,0.466681020561955,46.6681020561955
2025-04-30,4391,9268,0.4737807509710833,47.37807509710833
2025-05-01,4377,9257,0.4728313708544885,47.28313708544885
2025-05-02,4339,9243,0.46943633019582387,46.943633019582386
2025-05-03,4431,9234,0.47985705003248863,47.98570500324886
2025-05-04,4339,9222,0.47050531338104534,47.050531338104534
2025-05-05,4409,9202,0.4791349706585525,47.913497065855246
2025-05-06,4316,9176,0.47035745422842196,47.0357454228422
2025-05-07,4394,9167,0.47932802443547506,47.93280244354751
2025-05-08,4330,9149,0.4732757678434802,47.32757678434802
2025-05-09,4241,9134,0.4643091745128093,46.430917451280926
2025-05-10,4311,9110,0.47321624588364436,47.321624588364436
2025-05-11,4302,9110,0.4722283205268935,47.22283205268935
2025-05-12,4325,9092,0.475692916849978,47.5692916849978
2025-05-13,4344,9070,0.478941565600882,47.894156560088206
2025-05-14,4217,9036,0.466688800354139,46.6688800354139
2025-05-15,4332,9020,0.4802660753880266,48.026607538802665
2025-05-16,4218,8989,0.4692401824452108,46.92401824452108
2025-05-17,4238,8965,0.4727272727272727,47.27272727272727
2025-05-18,4190,8938,0.4687849630789886,46.87849630789886
2025-05-19,4278,8936,0.4787376902417189,47.87376902417189
2025-05-20,4229,8916,0.47431583669807087,47.43158366980709
2025-05-21,4260,8907,0.47827551364095655,47.827551364095655
2025-05-22,4292,8890,0.4827896512935883,48.27896512935883
2025-05-23,4275,8874,0.4817444219066937,48.17444219066937
2025-05-24,4179,8871,0.47108555968887383,47.10855596888738
2025-05-25,4176,8857,0.4714914756689624,47.14914756689624
2025-05-26,4134,8845,0.4673827020915772,46.73827020915772
2025-05-27,4242,8823,0.4807888473308399,48.07888473308399
2025-05-28,4169,8812,0.47310485701316385,47.31048570131639
2025-05-29,4172,8785,0.4749003984063745,47.49003984063745
2025-05-30,4116,8769,0.4693807731782415,46.93807731782415
2025-05-31,4131,8753,0.4719524734376785,47.195247343767846
2025-06-01,4110,8728,0.4708982584784601,47.089825847846015
2025-06-02,4149,8709,0.47640372028935585,47.64037202893559
2025-06-03,4084,8691,0.4699114026003912,46.991140260039124
2025-06-04,4204,8675,0.48461095100864554,48.461095100864554
2025-06-05,4057,8662,0.468367582544447,46.836758254444696
2025-06-06,4105,8650,0.4745664739884393,47.456647398843934
2025-06-07,4111,8644,0.4755900046274873,47.55900046274873
2025-06-08,4018,8636,0.4652616952292728,46.52616952292728
2025-06-09,4042,8615,0.46918165989553107,46.91816598955311
2025-06-10,4137,8598,0.4811584089323098,48.11584089323098
2025-06-11,4060,8588,0.47275267815556593,47.275267815556596
2025-06-12,4059,8575,0.4733527696793003,47.33527696793003
2025-06-13,4077,8565,0.47600700525394046,47.600700525394046
2025-06-14,4016,8548,0.4698175011698643,46.98175011698643
2025-06-15,4039,8527,0.4736718658379266,47.36718658379266
2025-06-16,4015,8521,0.4711888276023941,47.11888276023941
2025-06-17,3938,8505,0.4630217519106408,46.30217519106408
2025-06-18,3993,8478,0.4709837225760793,47.09837225760793
2025-06-19,4005,8471,0.4727895171762484,47.27895171762484
2025-06-20,3952,8452,0.46758163748225273,46.75816374822527
2025-06-21,3970,8442,0.4702677090736792,47.02677090736792
2025-06-22,3918,8413,0.46570783311541664,46.57078331154166
2025-06-23,4030,8389,0.4803909881988318,48.03909881988318
2025-06-24,3973,8364,0.475011956001913,47.501195600191295
2025-06-25,3943,8338,0.47289517869992803,47.28951786999281
2025-06-26,3906,8314,0.4698099591051239,46.98099591051239
2025-06-27,3910,8297,0.47125467036278174,47.125467036278174
2025-06-28,4023,8280,0.48586956521739133,48.58695652173913
2025-06-29,3869,8254,0.46874242791373877,46.874242791373874
2025-06-30,3922,8242,0.47585537490900265,47.585537490900265
2025-07-01,3872,8223,0.4708743767481455,47.087437674814545
2025-07-02,3899,8205,0.4751980499695308,47.51980499695308
2025-07-03,3893,8191,0.4752777438652179,47.52777438652179
2025-07-04,3897,8175,0.476697247706422,47.669724770642205
2025-07-05,3896,8156,0.4776851397743992,47.768513977439916
2025-07-06,3980,8139,0.48900356309128884,48.90035630912888
2025-07-07,3824,8115,0.4712261244608749,47.122612446087494
2025-07-08,3840,8096,0.4743083003952569,47.43083003952569
2025-07-09,3937,8084,0.48701138050470066,48.701138050470064
2025-07-10,3832,8067,0.4750216933184579,47.50216933184579
2025-07-11,3837,8069,0.47552360887346634,47.55236088734664
2025-07-12,3862,8055,0.47945375543140906,47.945375543140905
2025-07-13,3835,8034,0.4773462783171521,47.73462783171521
2025-07-14,3779,8025,0.4709034267912773,47.09034267912773
2025-07-15,3729,8017,0.46513658475739056,46.51365847573906
2025-07-16,3842,7993,0.480670586763418,48.0670586763418
2025-07-17,3747,7975,0.46984326018808775,46.98432601880877
2025-07-18,3782,7957,0.47530476310167147,47.530476310167145
2025-07-19,3805,7951,0.4785561564583071,47.85561564583071
2025-07-20,3760,7940,0.473551637279597,47.3551637279597
2025-07-21,3764,7941,0.47399571842337235,47.39957184233724
2025-07-22,3773,7927,0.4759682099154787,47.59682099154787
2025-07-23,3732,7908,0.47192716236722304,47.192716236722305
2025-07-24,3748,7891,0.4749714865036117,47.49714865036117
2025-07-25,3674,7880,0.46624365482233504,46.62436548223351
2025-07-26,3709,7869,0.4713432456474774,47.13432456474774
2025-07-27,3732,7852,0.47529291900152826,47.52929190015283
2025-07-28,3658,7828,0.46729688298415945,46.729688298415944
2025-07-29,3664,7822,0.4684223983635899,46.84223983635899
2025-07-30,3782,7808,0.484375,48.4375
2025-07-31,3679,7810,0.4710627400768246,47.10627400768246
2025-08-01,3678,7796,0.47178040020523343,47.17804002052334
2025-08-02,3734,7785,0.4796403339755941,47.964033397559405
2025-08-03,3741,7771,0.4814052245528246,48.14052245528246
2025-08-04,3704,7772,0.47658260422027793,47.658260422027794
2025-08-05,3661,7761,0.47171756216982347,47.171756216982345
2025-08-06,3686,7753,0.4754288662453244,47.542886624532436
2025-08-07,3637,7724,0.4708700155359917,47.08700155359917
2025-08-08,3657,7713,0.47413457798521974,47.413457798521975
2025-08-09,3534,7694,0.45931894983103716,45.93189498310372
2025-08-10,3657,7679,0.4762338846203933,47.62338846203933
2025-08-11,3608,7661,0.47095679415219943,47.09567941521994
2025-08-12,3603,7653,0.4707957663661309,47.07957663661309
2025-08-13,3578,7622,0.4694305956441879,46.94305956441879
2025-08-14,3526,7612,0.4632159747766684,46.32159747766684
2025-08-15,3541,7595,0.4662277814351547,46.62277814351547
2025-08-16,3544,7581,0.46748450072549796,46.748450072549794
2025-08-17,3560,7561,0.4708371908477715,47.08371908477715
2025-08-18,3526,7549,0.46708173267982517,46.70817326798252
2025-08-19,3543,7533,0.4703305455993628,47.03305455993628
2025-08-20,3511,7525,0.466578073089701,46.6578073089701
2025-08-21,3558,7501,0.4743367550993201,47.43367550993201
2025-08-22,3522,7490,0.47022696929238983,47.02269692923898
2025-08-23,3551,7471,0.47530451077499664,47.53045107749966
2025-08-24,3531,7464,0.47307073954983925,47.30707395498393
2025-08-25,3544,7450,0.47570469798657716,47.57046979865772
2025-08-26,3534,7433,0.47544732947665813,47.544732947665814
2025-08-27,3512,7420,0.4733153638814016,47.33153638814016
2025-08-28,3472,7413,0.4683663833805477,46.83663833805477
2025-08-29,3488,7396,0.4716062736614386,47.160627366143856
2025-08-30,3479,7382,0.47128149552966675,47.128149552966676
2025-08-31,3522,7377,0.4774298495323302,47.74298495323302
2025-09-01,3441,7350,0.46816326530612246,46.816326530612244
2025-09-02,3392,7337,0.46231429739675617,46.23142973967562
2025-09-03,3366,7310,0.4604651162790698,46.04651162790698
2025-09-04,3431,7282,0.47116176874485033,47.116176874485035
2025-09-05,3392,7266,0.4668318194329755,46.683181943297555
2025-09-06,3450,7255,0.4755341144038594,47.55341144038594
2025-09-07,3450,7251,0.4757964418700869,47.57964418700869
2025-09-08,3404,7243,0.4699710064890239,46.99710064890239
2025-09-09,3343,7229,0.4624429381657214,46.24429381657214
2025-09-10,3428,7206,0.47571468220927005,47.571468220927
2025-09-11,3349,7193,0.4655915473376894,46.55915473376894
2025-09-12,3411,7166,0.4759977672341613,47.599776723416134
2025-09-13,3370,7155,0.47099930118798045,47.09993011879804
2025-09-14,3348,7132,0.46943353897924844,46.943353897924844
2025-09-15,3369,7119,0.47324062368310155,47.32406236831015
2025-09-16,3443,7108,0.48438379290939787,48.438379290939785
2025-09-17,3378,7096,0.47604284103720407,47.60428410372041
2025-09-18,3323,7093,0.4684900606231496,46.849006062314956
2025-09-19,3321,7080,0.4690677966101695,46.90677966101695
2025-09-20,3309,7064,0.46843148357870895,46.843148357870895
2025-09-21,3283,7046,0.46593812091967074,46.593812091967074
2025-09-22,3355,7034,0.47696900767699746,47.696900767699745
2025-09-23,3401,7025,0.48412811387900356,48.412811387900355
2025-09-24,3293,7007,0.4699586128157557,46.99586128157557
2025-09-25,3318,6991,0.47461021313116863,47.461021313116866
2025-09-26,3269,6973,0.4688082604330991,46.88082604330991
2025-09-27,3296,6954,0.47397181478285877,47.39718147828588
2025-09-28,3279,6936,0.4727508650519031,47.27508650519031
2025-09-29,3279,6922,0.4737070210921699,47.37070210921699
2025-09-30,3275,6905,0.47429398986241855,47.42939898624186
2025-10-01,3265,6894,0.47360023208587176,47.36002320858718
2025-10-02,3275,6871,0.4766409547373017,47.66409547373017
2025-10-03,3182,6868,0.4633080955154339,46.33080955154339
2025-10-04,3281,6854,0.4786985701779983,47.86985701779983
2025-10-05,3293,6840,0.4814327485380117,48.143274853801174
2025-10-06,3240,6826,0.47465572809844714,47.465572809844716
2025-10-07,3168,6818,0.4646523907304195,46.46523907304195
2025-10-08,3256,6805,0.47847171197648786,47.847171197648784
2025-10-09,3198,6805,0.46994856722997796,46.994856722997795
2025-10-10,3244,6792,0.47762073027090696,47.76207302709069
2025-10-11,3191,6778,0.47078784302154025,47.07878430215403
2025-10-12,3145,6762,0.4650990831115055,46.50990831115055
2025-10-13,3165,6745,0.469236471460341,46.9236471460341
2025-10-14,3160,6731,0.4694696181845194,46.94696181845194
2025-10-15,3125,6714,0.4654453380994936,46.544533809949364
2025-10-16,3169,6701,0.47291449037457095,47.29144903745709
2025-10-17,3167,6686,0.4736763386180078,47.367633861800776
2025-10-18,3187,6681,0.47702439754527765,47.70243975452777
2025-10-19,3089,6665,0.46346586646661664,46.34658664666166
2025-10-20,3192,6648,0.48014440433212996,48.014440433213
2025-10-21,3093,6639,0.46588341617713513,46.58834161771351
2025-10-22,3114,6626,0.4699667974645337,46.99667974645337
2025-10-23,3112,6622,0.4699486559951676,46.994865599516764
2025-10-24,3099,6608,0.4689769975786925,46.89769975786925
2025-10-25,3066,6589,0.4653209895280012,46.53209895280012
2025-10-26,3053,6581,0.46391125968697766,46.391125968697764
2025-10-27,3049,6553,0.46528307645353273,46.52830764535327
2025-10-28,3123,6547,0.47701237207881475,47.701237207881476
2025-10-29,3103,6520,0.475920245398773,47.5920245398773
2025-10-30,3121,6516,0.47897483118477596,47.897483118477595
2025-10-31,3047,6508,0.46819299323909036,46.819299323909036
2025-11-01,3086,6503,0.4745502075964939,47.45502075964939
2025-11-02,3005,6493,0.4628060988757123,46.28060988757123
2025-11-03,3065,6475,0.47335907335907335,47.335907335907336
2025-11-04,3063,6454,0.4745894019212891,47.458940192128914
2025-11-05,3039,6454,0.4708707778122095,47.08707778122095
2025-11-06,3085,6442,0.4788885439304564,47.88885439304564
2025-11-07,3069,6423,0.4778141055581504,47.78141055581504
2025-11-08,3035,6415,0.4731098986749805,47.31098986749805
2025-11-09,3069,6412,0.4786338116032439,47.863381160324394
2025-11-10,3095,6390,0.4843505477308294,48.43505477308294
2025-11-11,2965,6369,0.465536190924792,46.553619092479195
2025-11-12,2991,6373,0.4693237093990271,46.93237093990271
2025-11-13,3051,6359,0.4797924201918541,47.979242019185406
2025-11-14,2961,6352,0.46615239294710326,46.61523929471033
2025-11-15,3090,6333,0.48792041686404547,48.792041686404545
2025-11-16,3023,6321,0.4782471127986078,47.82471127986078
2025-11-17,3060,6310,0.4849445324881141,48.49445324881141
2025-11-18,2976,6300,0.4723809523809524,47.23809523809524
2025-11-19,2973,6287,0.472880547160808,47.2880547160808
2025-11-20,2986,6277,0.47570495459614465,47.57049545961446
2025-11-21,2973,6272,0.47401147959183676,47.401147959183675
2025-11-22,2933,6279,0.46711259754738016,46.711259754738016
2025-11-23,2986,6258,0.4771492489613295,47.71492489613295
2025-11-24,2975,6254,0.4756955548448993,47.569555484489925
2025-11-25,2992,6246,0.47902657700928597,47.9026577009286
2025-11-26,2949,6231,0.4732787674530573,47.32787674530573
2025-11-27,3014,6225,0.48417670682730923,48.41767068273092
2025-11-28,2846,6210,0.45829307568438005,45.829307568438004
2025-11-29,2997,6197,0.4836211069872519,48.36211069872519
2025-11-30,2966,6180,0.47993527508090617,47.993527508090615
2025-12-01,2927,6160,0.4751623376623377,47.51623376623377
2025-12-02,2897,6156,0.4705977907732294,47.059779077322936
2025-12-03,2899,6151,0.4713054787839376,47.130547878393756
2025-12-04,2937,6141,0.4782608695652174,47.82608695652174
2025-12-05,2937,6126,0.4794319294809011,47.94319294809011
2025-12-06,2928,6110,0.47921440261865794,47.9214402618658
2025-12-07,2837,6095,0.46546349466776044,46.54634946677604
2025-12-08,2917,6087,0.4792180055856744,47.92180055856744
2025-12-09,2878,6080,0.4733552631578947,47.33552631578947
2025-12-10,2869,6076,0.47218564845292954,47.21856484529295
2025-12-11,2899,6072,0.47743741765480896,47.7437417654809
2025-12-12,2945,6063,0.4857331354115125,48.57331354115125
2025-12-13,2940,6059,0.4852285855751774,48.522858557517736
2025-12-14,2888,6045,0.4777502067824648,47.775020678246484
2025-12-15,2879,6038,0.47681351440874464,47.681351440874465
2025-12-16,2835,6033,0.4699154649428145,46.99154649428145
2025-12-17,2835,6017,0.4711650324081768,47.11650324081768
2025-12-18,2843,6004,0.47351765489673553,47.351765489673554
2025-12-19,2843,5991,0.47454515105992323,47.45451510599232
2025-12-20,2825,5986,0.4719345138656866,47.19345138656866
2025-12-21,2894,5981,0.48386557431867583,48.38655743186758
2025-12-22,2860,5975,0.4786610878661088,47.86610878661088
2025-12-23,2749,5970,0.46046901172529314,46.04690117252932
2025-12-24,2810,5954,0.47195162915686933,47.195162915686936
2025-12-25,2738,5941,0.4608651742130954,46.086517421309544
2025-12-26,2780,5934,0.4684866868891136,46.84866868891136
2025-12-27,2767,5926,0.46692541343233207,46.69254134323321
2025-12-28,2766,5915,0.4676246830092984,46.76246830092984
2025-12-29,2801,5901,0.47466531096424336,47.46653109642433
2025-12-30,2848,5898,0.4828755510342489,48.28755510342489
2025-12-31,6768,12602,0.53705760990319,53.70576099031899
2026-01-01,4271,12576,0.3396151399491094,33.961513994910945
2026-01-02,4351,12556,0.3465275565466709,34.65275565466709
2026-01-03,4326,12535,0.34511368169126444,34.51136816912644
2026-01-04,4265,12513,0.34084552065851514,34.08455206585151
2026-01-05,4239,12482,0.33960903701329914,33.96090370132991
2026-01-06,4196,12453,0.3369469204207821,33.69469204207821
